"Status","Start Time","Stop Time","Duration in ms","Parent Suite","Suite","Sub Suite","Test Class","Test Method","Name","Description"
"passed","Mon Aug 23 22:02:24 BST 2021","Mon Aug 23 22:02:24 BST 2021","2","","The modulr finance Sandbox login page: As a user, I will see error message if password is empty","","The modulr finance Sandbox login page: As a user, I will see error message if password is empty","","",""
"passed","Mon Aug 23 22:00:50 BST 2021","Mon Aug 23 22:00:56 BST 2021","5451","","The modulr finance Sandbox login page: As a user, I will see error message if username is empty","","The modulr finance Sandbox login page: As a user, I will see error message if username is empty","Then I should see a flash message under username saying This field is required","Then I should see a flash message under username saying This field is required",""
"passed","Mon Aug 23 22:04:12 BST 2021","Mon Aug 23 22:04:12 BST 2021","1","","The modulr finance Sandbox login page: As a user, I will be able to navigate to forgot password screen","","The modulr finance Sandbox login page: As a user, I will be able to navigate to forgot password screen","","",""
"passed","Mon Aug 23 22:00:57 BST 2021","Mon Aug 23 22:01:13 BST 2021","15989","","The modulr finance Sandbox login page: As a user, I will see error message if username is empty","","The modulr finance Sandbox login page: As a user, I will see error message if username is empty","When I enter password as ""Password"" & Click Sign In button","When I enter password as ""Password"" & Click Sign In button",""
"passed","Mon Aug 23 22:02:48 BST 2021","Mon Aug 23 22:03:00 BST 2021","11485","","The modulr finance Sandbox login page: As a user, I will see error message if incorrect username or password is entered along with warning","","The modulr finance Sandbox login page: As a user, I will see error message if incorrect username or password is entered along with warning","When I login with wrong and correct","When I login with wrong and correct",""
"passed","Mon Aug 23 22:03:50 BST 2021","Mon Aug 23 22:03:56 BST 2021","5937","","The modulr finance Sandbox login page: As a user, I will be able to navigate to forgot password screen","","The modulr finance Sandbox login page: As a user, I will be able to navigate to forgot password screen","When I click on Forgotten Password link","When I click on Forgotten Password link",""
"failed","Mon Aug 23 22:01:13 BST 2021","Mon Aug 23 22:01:28 BST 2021","15424","","The modulr finance Sandbox login page: As a user, I will see error message if username is empty","","The modulr finance Sandbox login page: As a user, I will see error message if username is empty","Then I should see a flash message under username saying This field is required1","Then I should see a flash message under username saying This field is required1",""
"passed","Mon Aug 23 22:00:56 BST 2021","Mon Aug 23 22:00:57 BST 2021","1243","","The modulr finance Sandbox login page: As a user, I will see error message if username is empty","","The modulr finance Sandbox login page: As a user, I will see error message if username is empty","Given I am on the login page","Given I am on the login page",""
"passed","Mon Aug 23 22:02:48 BST 2021","Mon Aug 23 22:02:48 BST 2021","756","","The modulr finance Sandbox login page: As a user, I will see error message if incorrect username or password is entered along with warning","","The modulr finance Sandbox login page: As a user, I will see error message if incorrect username or password is entered along with warning","Given I am on the login page","Given I am on the login page",""
"passed","Mon Aug 23 22:03:49 BST 2021","Mon Aug 23 22:03:50 BST 2021","906","","The modulr finance Sandbox login page: As a user, I will be able to navigate to forgot password screen","","The modulr finance Sandbox login page: As a user, I will be able to navigate to forgot password screen","Given I am on the login page","Given I am on the login page",""
"passed","Mon Aug 23 22:02:25 BST 2021","Mon Aug 23 22:02:37 BST 2021","11704","","The modulr finance Sandbox login page: As a user, I will see error message if incorrect username or password is entered along with warning","","The modulr finance Sandbox login page: As a user, I will see error message if incorrect username or password is entered along with warning","When I login with correct and wrong","When I login with correct and wrong",""
"passed","Mon Aug 23 22:03:00 BST 2021","Mon Aug 23 22:03:10 BST 2021","10512","","The modulr finance Sandbox login page: As a user, I will see error message if incorrect username or password is entered along with warning","","The modulr finance Sandbox login page: As a user, I will see error message if incorrect username or password is entered along with warning","Then I should see a flash message saying The username or password is incorrect.","Then I should see a flash message saying The username or password is incorrect.",""
"passed","Mon Aug 23 22:03:49 BST 2021","Mon Aug 23 22:03:49 BST 2021","2","","The modulr finance Sandbox login page: As a user, I will be able to login with correct username and password","","The modulr finance Sandbox login page: As a user, I will be able to login with correct username and password","","",""
"passed","Mon Aug 23 22:03:11 BST 2021","Mon Aug 23 22:03:23 BST 2021","11869","","The modulr finance Sandbox login page: As a user, I will be able to login with correct username and password","","The modulr finance Sandbox login page: As a user, I will be able to login with correct username and password","When I login with GoverdhanReddy.ThatiLaxmanna34 and Linlith1986!","When I login with GoverdhanReddy.ThatiLaxmanna34 and Linlith1986!",""
"passed","Mon Aug 23 22:03:23 BST 2021","Mon Aug 23 22:03:29 BST 2021","5408","","The modulr finance Sandbox login page: As a user, I will be able to login with correct username and password","","The modulr finance Sandbox login page: As a user, I will be able to login with correct username and password","Then SignIn button must be disabled","Then SignIn button must be disabled",""
"passed","Mon Aug 23 22:03:29 BST 2021","Mon Aug 23 22:03:49 BST 2021","20740","","The modulr finance Sandbox login page: As a user, I will be able to login with correct username and password","","The modulr finance Sandbox login page: As a user, I will be able to login with correct username and password","And login must be successful","And login must be successful",""
"failed","Mon Aug 23 22:03:56 BST 2021","Mon Aug 23 22:04:12 BST 2021","15302","","The modulr finance Sandbox login page: As a user, I will be able to navigate to forgot password screen","","The modulr finance Sandbox login page: As a user, I will be able to navigate to forgot password screen","Then navigate to Reset access page","Then navigate to Reset access page",""
"passed","Mon Aug 23 22:01:28 BST 2021","Mon Aug 23 22:01:28 BST 2021","1","","The modulr finance Sandbox login page: As a user, I will see error message if username is empty","","The modulr finance Sandbox login page: As a user, I will see error message if username is empty","","",""
"passed","Mon Aug 23 22:01:52 BST 2021","Mon Aug 23 22:02:09 BST 2021","16463","","The modulr finance Sandbox login page: As a user, I will see error message if password is empty","","The modulr finance Sandbox login page: As a user, I will see error message if password is empty","When I enter username as ""username"" & Click Sign In button","When I enter username as ""username"" & Click Sign In button",""
"failed","Mon Aug 23 22:02:09 BST 2021","Mon Aug 23 22:02:24 BST 2021","15552","","The modulr finance Sandbox login page: As a user, I will see error message if password is empty","","The modulr finance Sandbox login page: As a user, I will see error message if password is empty","Then I should see a flash message under password saying This field is required1","Then I should see a flash message under password saying This field is required1",""
"passed","Mon Aug 23 22:03:10 BST 2021","Mon Aug 23 22:03:10 BST 2021","1","","The modulr finance Sandbox login page: As a user, I will see error message if incorrect username or password is entered along with warning","","The modulr finance Sandbox login page: As a user, I will see error message if incorrect username or password is entered along with warning","","",""
"passed","Mon Aug 23 22:01:46 BST 2021","Mon Aug 23 22:01:51 BST 2021","5465","","The modulr finance Sandbox login page: As a user, I will see error message if password is empty","","The modulr finance Sandbox login page: As a user, I will see error message if password is empty","Then I should see a flash message under password saying This field is required","Then I should see a flash message under password saying This field is required",""
"passed","Mon Aug 23 22:01:51 BST 2021","Mon Aug 23 22:01:52 BST 2021","1010","","The modulr finance Sandbox login page: As a user, I will see error message if password is empty","","The modulr finance Sandbox login page: As a user, I will see error message if password is empty","Given I am on the login page","Given I am on the login page",""
"passed","Mon Aug 23 22:03:10 BST 2021","Mon Aug 23 22:03:11 BST 2021","1004","","The modulr finance Sandbox login page: As a user, I will be able to login with correct username and password","","The modulr finance Sandbox login page: As a user, I will be able to login with correct username and password","Given I am on the login page","Given I am on the login page",""
